date_time,tick_num,open,high,low,close,volume,cum_buy_volume,cum_ticks,cum_dollar_value
2013-09-01 17:30:00.915,3279,1640.25,1642.0,1639.0,1640.25,14589,8213,3278,23930577.5
2013-09-01 18:00:00.938,4564,1640.25,1642.0,1640.0,1641.5,5203,2975,1285,8540704.25
2013-09-01 18:31:13.273,5159,1641.5,1641.75,1640.5,1640.75,2305,986,595,3782710.5
2013-09-01 19:00:00.798,5647,1640.75,1641.25,1640.0,1640.25,1390,695,488,2280253.0
2013-09-01 19:30:00.204,7103,1640.25,1642.0,1639.75,1641.75,4318,2352,1456,7086592.0
2013-09-01 20:00:00.482,8692,1641.75,1643.5,1641.5,1642.5,6387,3937,1589,10490253.0
2013-09-01 20:30:02.462,9656,1642.5,1642.75,1641.75,1642.25,3299,1497,964,5417534.75
2013-09-01 21:00:05.231,10353,1642.25,1642.75,1642.0,1642.5,2180,686,697,3580492.0
2013-09-01 21:30:06.351,11020,1642.5,1642.75,1641.5,1641.5,2471,441,667,4056950.0
2013-09-01 22:00:01.920,11709,1641.5,1641.5,1640.25,1640.75,1918,639,689,3147069.0
2013-09-01 22:30:13.380,12138,1640.75,1642.25,1640.75,1642.25,1053,828,429,1728527.75
2013-09-01 23:00:00.587,12825,1642.25,1643.25,1642.25,1642.75,1957,1215,687,3214762.0
2013-09-01 23:30:08.578,13455,1642.75,1644.0,1642.75,1643.0,1728,1069,630,2839550.25
2013-09-02 00:00:47.925,13642,1643.0,1643.0,1642.75,1643.0,410,283,187,673598.25
2013-09-02 00:30:56.815,14213,1643.0,1643.5,1642.25,1643.0,1383,541,571,2271933.25
2013-09-02 01:00:07.216,14922,1643.0,1643.25,1642.0,1642.75,2099,1164,709,3447738.25
2013-09-02 01:30:00.023,16883,1642.75,1644.0,1642.75,1644.0,5373,3884,1961,8830437.0
2013-09-02 02:00:00.029,18045,1644.0,1644.5,1642.25,1642.25,2735,931,1162,4494920.5
2013-09-02 02:30:02.946,23072,1642.25,1645.0,1642.25,1644.0,15067,7900,5027,24770445.25
2013-09-02 03:00:00.142,26855,1644.0,1646.0,1643.75,1644.5,10404,6386,3783,17114908.25
2013-09-02 03:30:03.335,29383,1644.5,1646.0,1644.25,1645.25,6925,3989,2528,11392826.25
2013-09-02 04:00:00.720,32540,1645.25,1647.25,1645.25,1646.75,8923,4939,3157,14693081.0
2013-09-02 04:30:17.663,34571,1646.75,1646.75,1645.25,1645.5,6117,2315,2031,10068308.5
2013-09-02 05:00:10.125,36113,1645.5,1646.25,1645.25,1646.0,4193,2053,1542,6899884.5
2013-09-02 05:30:01.543,37168,1646.0,1647.0,1645.75,1646.75,3693,2101,1055,6079750.25
2013-09-02 06:00:00.042,38555,1646.75,1647.0,1646.0,1646.75,4492,3202,1387,7397102.5
2013-09-02 06:30:04.755,40160,1646.75,1647.5,1646.25,1646.75,6215,3207,1605,10236319.5
2013-09-02 07:00:02.642,43237,1646.75,1648.5,1646.0,1647.25,12492,8315,3077,20580058.5
2013-09-02 07:30:00.769,44493,1647.25,1648.0,1647.25,1647.75,5457,2970,1256,8991328.0
2013-09-02 08:00:01.379,45741,1647.75,1648.25,1646.75,1647.25,6207,3805,1248,10225834.5
2013-09-02 08:30:00.045,47280,1647.25,1647.25,1646.25,1647.0,4665,2467,1539,7682459.5
2013-09-02 09:00:00.029,49475,1647.0,1647.25,1645.25,1646.0,8957,4098,2195,14742667.25
2013-09-02 09:30:00.746,50835,1646.0,1646.75,1645.5,1646.75,4134,2186,1360,6805268.75
2013-09-02 10:00:00.032,53271,1646.75,1648.25,1646.25,1648.0,9207,5646,2436,15167348.0
2013-09-02 17:00:00.026,55800,1648.0,1648.25,1646.5,1647.5,10663,5651,2529,17567830.25
2013-09-02 17:30:00.406,57155,1647.5,1648.5,1646.5,1647.0,4113,1958,1355,6776557.25
2013-09-02 18:00:03.007,57815,1647.0,1647.0,1645.25,1645.5,1655,533,660,2723873.5
2013-09-02 18:30:11.284,58156,1645.5,1646.25,1645.25,1646.0,775,459,341,1275495.0
2013-09-02 19:00:00.134,58648,1646.0,1646.5,1645.25,1645.25,1064,495,492,1751041.0
2013-09-02 19:30:00.660,59782,1645.25,1647.25,1645.25,1646.75,2899,1748,1134,4772974.5
2013-09-02 20:00:00.430,60764,1646.75,1647.25,1646.25,1647.25,3411,2031,982,5617054.0
2013-09-02 20:30:01.922,61287,1647.25,1647.25,1646.5,1646.5,1295,749,523,2132750.75
2013-09-02 21:00:58.384,61807,1646.5,1647.0,1646.0,1646.75,1269,638,520,2089492.0
2013-09-02 21:30:25.159,62546,1646.75,1647.5,1646.5,1646.75,2177,1100,739,3585462.5
2013-09-02 22:00:51.632,63172,1646.75,1647.25,1646.25,1646.75,1711,987,626,2817696.75
2013-09-02 22:30:00.035,63382,1646.75,1647.25,1646.5,1647.25,567,440,210,933753.25
2013-09-02 23:00:01.885,64596,1647.25,1648.25,1647.0,1647.75,4705,2829,1214,7753453.5
2013-09-02 23:30:42.649,65241,1647.75,1648.0,1647.5,1647.75,2482,1357,645,4089797.5
2013-09-03 00:00:25.350,66322,1647.75,1648.0,1646.25,1646.75,3854,1517,1081,6348286.75
2013-09-03 00:30:18.231,66813,1646.75,1648.0,1646.75,1648.0,1074,673,491,1769530.0
2013-09-03 01:00:00.394,67346,1648.0,1648.5,1648.0,1648.25,1388,833,533,2287778.25
2013-09-03 01:30:00.477,69140,1648.25,1649.0,1648.0,1648.75,6497,3242,1794,10709946.25
2013-09-03 02:00:00.056,69764,1648.75,1648.75,1648.25,1648.25,1781,733,624,2935959.75
2013-09-03 02:30:00.214,75981,1648.25,1648.5,1646.25,1648.25,17182,8606,6217,28304134.75
2013-09-03 03:00:01.987,79481,1648.25,1648.5,1647.0,1648.25,9566,4663,3500,15762372.25
2013-09-03 03:30:00.177,82065,1648.25,1648.5,1647.25,1647.75,6068,2169,2584,10000119.5
2013-09-03 04:00:00.282,94014,1647.75,1647.75,1642.5,1643.25,38941,13594,11949,64041282.75
2013-09-03 04:30:09.568,107051,1643.25,1646.75,1642.25,1645.25,39233,20340,13037,64502708.75
2013-09-03 05:00:00.609,110117,1645.25,1645.5,1642.75,1643.0,8253,2822,3066,13567604.5
2013-09-03 05:30:00.735,112807,1643.0,1646.5,1643.0,1646.25,7014,4329,2690,11536864.5
2013-09-03 06:00:00.594,115688,1646.25,1647.0,1645.5,1646.0,9008,5142,2881,14831007.0
2013-09-03 06:30:00.059,118355,1646.0,1647.0,1645.0,1645.25,7862,2699,2667,12938629.0
2013-09-03 07:00:00.879,124977,1645.25,1645.25,1642.5,1644.75,17662,9208,6622,29037191.25
2013-09-03 07:30:00.346,129520,1644.75,1645.5,1643.5,1644.5,13981,6804,4543,22991732.25
2013-09-03 08:00:00.066,134767,1644.5,1646.75,1644.25,1646.0,18921,11171,5247,31141983.25
2013-09-03 08:30:00.040,141997,1646.0,1647.0,1645.5,1646.5,19436,8864,7230,31996122.5
2013-09-03 09:00:00.061,198506,1646.5,1650.0,1645.75,1646.75,237333,122929,56509,391137479.5
2013-09-03 09:30:00.221,249167,1646.75,1648.75,1643.75,1645.25,180936,93355,50661,297829883.75
2013-09-03 10:00:00.291,276463,1645.25,1647.75,1644.5,1644.75,102408,50509,27296,168574588.75
2013-09-03 10:30:00.015,318826,1644.75,1646.75,1637.75,1638.25,178276,73841,42363,292791990.25
2013-09-03 11:00:00.459,357504,1638.25,1640.0,1636.25,1638.25,152491,78913,38678,249826128.5
2013-09-03 11:30:00.432,380936,1638.25,1639.5,1636.25,1637.5,94158,45016,23432,154218490.0
2013-09-03 12:00:00.076,405720,1637.5,1638.25,1633.25,1634.0,106634,49990,24784,174416337.0
2013-09-03 12:30:00.147,432223,1634.0,1635.5,1632.0,1635.0,104682,57110,26503,171007291.75
2013-09-03 13:00:00.144,452733,1635.0,1635.5,1631.5,1632.5,74416,38816,20510,121554830.25
2013-09-03 13:30:00.447,478479,1632.5,1635.5,1631.25,1633.75,92252,44895,25746,150698142.5
2013-09-03 14:00:00.057,508515,1633.75,1635.0,1630.75,1635.0,108811,55265,30036,177713978.0
2013-09-03 14:30:00.051,540927,1635.0,1639.0,1634.25,1637.0,140261,77692,32412,229624105.5
2013-09-03 15:00:00.001,581316,1637.0,1639.5,1635.0,1637.75,177653,95266,40389,290845568.75
2013-09-03 15:30:00.022,594717,1637.75,1640.0,1637.0,1639.5,88345,46150,13401,144712337.75
2013-09-03 16:00:01.078,596399,1639.5,1639.75,1637.5,1638.75,9467,3314,1682,15510949.0
2013-09-03 17:00:00.021,596795,1638.75,1639.0,1637.5,1638.0,2012,482,396,3296488.5
2013-09-03 17:30:26.185,598092,1638.0,1638.0,1636.0,1636.5,5500,2758,1297,9003711.25
2013-09-03 18:00:00.350,598524,1636.5,1637.75,1636.5,1637.75,873,571,432,1429233.25
2013-09-03 18:30:06.353,598779,1637.75,1637.75,1637.0,1637.5,538,217,255,880928.75
2013-09-03 19:00:08.892,599288,1637.5,1638.25,1636.75,1637.5,1228,646,509,2010863.25
2013-09-03 19:30:00.204,599731,1637.5,1638.0,1637.25,1637.5,1150,569,443,1883256.5
2013-09-03 20:00:00.839,600018,1637.5,1637.75,1637.0,1637.5,733,282,287,1200200.25
2013-09-03 20:30:00.725,600643,1637.5,1638.25,1637.0,1637.75,1417,822,625,2320576.25
2013-09-03 21:00:06.750,601812,1637.75,1638.75,1637.75,1638.5,4421,3339,1169,7244064.25
2013-09-03 21:30:00.523,602614,1638.5,1638.75,1638.0,1638.5,1907,983,802,3124454.0
2013-09-03 22:00:13.460,602978,1638.5,1638.5,1638.25,1638.5,788,388,364,1291038.0
2013-09-03 22:30:07.072,603588,1638.5,1638.75,1638.25,1638.75,969,932,610,1587702.75
2013-09-03 23:00:00.660,604355,1638.75,1639.75,1638.5,1639.75,1997,1307,767,3273637.75
2013-09-03 23:30:00.882,604732,1639.75,1640.0,1639.5,1639.5,845,509,377,1385535.25
2013-09-04 00:00:00.588,606535,1639.5,1641.75,1639.5,1641.5,4272,3252,1803,7010458.0
2013-09-04 00:30:00.048,607519,1641.5,1642.25,1641.5,1642.0,2659,1317,984,4365578.5
2013-09-04 01:00:00.044,608316,1642.0,1642.25,1641.5,1642.0,2169,1034,797,3561186.5
2013-09-04 01:30:04.066,609808,1642.0,1642.0,1640.5,1640.75,3688,1189,1492,6052883.0
2013-09-04 02:00:00.037,610796,1640.75,1641.5,1640.5,1641.25,2262,1306,988,3711781.25
2013-09-04 02:30:00.693,617499,1641.25,1641.75,1636.75,1638.25,17103,6094,6703,28023792.25
2013-09-04 03:00:00.038,621007,1638.25,1638.25,1636.5,1637.5,8652,4336,3508,14167248.75
2013-09-04 03:30:09.150,624737,1637.5,1639.25,1637.25,1638.25,9209,4566,3730,15084942.5
2013-09-04 04:00:00.041,628358,1638.25,1638.25,1636.0,1637.75,8459,3718,3621,13846949.0
2013-09-04 04:30:14.298,630501,1637.75,1638.5,1637.25,1637.5,5371,1843,2143,8796945.25
2013-09-04 05:00:01.067,635062,1637.5,1639.25,1636.25,1636.5,14246,6421,4561,23330837.0
2013-09-04 05:30:00.031,636996,1636.5,1638.0,1636.25,1638.0,4955,2735,1934,8111349.0
2013-09-04 06:00:00.578,639875,1638.0,1639.0,1637.75,1638.5,10072,4864,2879,16501553.25
2013-09-04 06:30:00.050,642662,1638.5,1640.0,1637.75,1639.0,8724,3924,2787,14297851.5
2013-09-04 07:00:00.219,645155,1639.0,1639.25,1637.5,1637.75,7814,2922,2493,12802347.25
2013-09-04 07:30:02.182,647539,1637.75,1638.0,1637.0,1637.75,8134,3236,2384,13319867.75
2013-09-04 08:00:00.517,656196,1637.75,1638.0,1635.0,1637.0,26265,10200,8657,42978268.0
2013-09-04 08:30:00.022,663540,1637.0,1638.5,1636.75,1638.25,22945,11214,7344,37578139.5
2013-09-04 09:00:00.081,715899,1638.25,1643.75,1635.25,1642.75,202456,103195,52359,331978628.75
2013-09-04 09:30:00.077,749735,1642.75,1647.25,1642.5,1647.0,142463,75611,33836,234408576.75
2013-09-04 10:00:00.024,774446,1647.0,1648.0,1645.75,1647.5,109082,55742,24711,179644790.0
2013-09-04 10:30:00.039,798802,1647.5,1649.75,1647.0,1649.0,111947,61547,24356,184571650.0
2013-09-04 11:00:00.359,828349,1649.0,1653.5,1648.75,1653.25,146701,81769,29547,242225100.0
2013-09-04 11:30:00.332,845079,1653.25,1653.75,1652.0,1652.25,76751,33508,16730,126850444.25
2013-09-04 12:00:07.908,856109,1652.25,1653.5,1652.0,1652.75,50682,22112,11030,83755282.5
2013-09-04 12:30:07.574,870292,1652.75,1654.75,1652.0,1654.25,65765,34086,14183,108738431.5
2013-09-04 13:00:00.399,884860,1654.25,1654.25,1651.25,1652.0,60571,23578,14568,100122107.5
2013-09-04 13:30:00.205,899950,1652.0,1653.25,1651.0,1651.5,58914,32119,15090,97321866.25
2013-09-04 14:00:00.042,912325,1651.5,1653.5,1650.75,1652.75,48474,27835,12375,80079164.75
2013-09-04 14:30:00.295,938915,1652.75,1654.25,1650.0,1651.5,94558,50628,26590,156223709.5
2013-09-04 15:00:00.000,974606,1651.5,1652.75,1649.5,1651.75,158421,85268,35691,261557466.25
2013-09-04 15:30:00.016,985656,1651.75,1654.0,1651.25,1653.5,76286,38975,11050,126069673.0
2013-09-04 16:00:01.870,986805,1653.5,1654.5,1653.5,1654.25,7261,4129,1149,12009848.75
2013-09-04 17:00:00.025,987670,1654.25,1655.25,1654.25,1654.75,4567,4079,865,7557542.0
2013-09-04 17:30:04.265,988228,1654.75,1655.0,1654.0,1654.25,2092,565,558,3461275.0
2013-09-04 18:00:23.786,988462,1654.25,1654.75,1654.0,1654.5,697,516,234,1153167.5
2013-09-04 18:30:11.955,988662,1654.5,1654.75,1654.25,1654.5,622,239,200,1029144.75
2013-09-04 19:00:00.372,989109,1654.5,1655.0,1654.0,1654.75,1248,582,447,2065025.25
2013-09-04 19:30:00.298,989913,1654.75,1654.75,1653.5,1653.5,2358,609,804,3900401.25
2013-09-04 20:00:03.205,990651,1653.5,1654.0,1653.25,1653.5,2097,697,738,3467623.75
2013-09-04 20:30:03.176,991041,1653.5,1654.0,1653.25,1653.75,965,609,390,1595858.75
2013-09-04 21:00:14.294,991778,1653.75,1654.0,1653.0,1653.25,2390,583,737,3951794.75
2013-09-04 21:30:06.941,992072,1653.25,1654.0,1653.0,1653.75,769,512,294,1271583.25
2013-09-04 22:00:01.364,992382,1653.75,1654.0,1653.25,1653.75,1158,416,310,1914985.75
2013-09-04 22:30:00.100,992650,1653.75,1654.25,1653.5,1654.25,790,612,268,1306558.5
2013-09-04 23:00:00.055,993058,1654.25,1654.25,1653.75,1654.0,1062,389,408,1756498.25
2013-09-04 23:30:00.552,993617,1654.0,1655.0,1653.75,1654.75,1452,839,559,2402040.75
2013-09-05 00:00:00.396,994036,1654.75,1655.5,1654.5,1655.25,1104,848,419,1827037.25
2013-09-05 00:30:01.086,994928,1655.25,1655.75,1654.5,1654.5,2610,1183,892,4320181.25
2013-09-05 01:00:05.332,995594,1654.5,1654.75,1653.75,1654.25,1844,602,666,3050108.0
2013-09-05 01:30:00.070,996912,1654.25,1654.5,1653.25,1653.25,4049,1558,1318,6696826.5
2013-09-05 02:00:00.072,997943,1653.25,1653.5,1652.25,1652.5,2941,880,1031,4860857.5
2013-09-05 02:30:00.723,1000893,1652.5,1655.0,1652.0,1654.5,9052,5310,2950,14968427.25
2013-09-05 03:00:00.043,1005316,1654.5,1656.5,1654.25,1655.25,14557,6913,4423,24097188.5
2013-09-05 03:30:00.886,1009221,1655.25,1656.0,1653.5,1653.75,11355,3591,3905,18787447.75
2013-09-05 04:00:00.825,1015587,1653.75,1654.75,1651.0,1652.75,21808,9528,6366,36039159.25
2013-09-05 04:30:00.805,1018241,1652.75,1653.5,1651.5,1652.0,8340,4531,2654,13781754.75
2013-09-05 05:00:00.103,1020536,1652.0,1652.0,1650.5,1651.5,8092,3717,2295,13361723.5
2013-09-05 05:30:05.356,1023602,1651.5,1653.25,1651.25,1653.0,10859,6386,3066,17940889.5
2013-09-05 06:00:00.046,1026128,1653.0,1654.5,1653.0,1653.5,8084,4974,2526,13369749.5
2013-09-05 06:30:03.122,1029410,1653.5,1654.25,1652.0,1652.75,10680,3889,3282,17655394.75
2013-09-05 07:00:05.155,1031278,1652.75,1653.75,1652.25,1653.0,5810,2470,1868,9603530.75
2013-09-05 07:30:00.043,1035598,1653.0,1654.5,1652.5,1652.75,14114,6780,4320,23337366.0
2013-09-05 08:00:00.087,1045010,1652.75,1656.0,1652.75,1654.0,30799,15702,9412,50960249.5
2013-09-05 08:30:00.025,1055462,1654.0,1654.5,1652.0,1652.75,32467,13826,10452,53674135.5
2013-09-05 09:00:00.007,1101506,1652.75,1658.25,1651.25,1657.25,178119,94609,46044,294870517.5
2013-09-05 09:30:00.995,1130546,1657.25,1658.0,1655.25,1656.75,97543,47061,29040,161601187.25
2013-09-05 10:00:00.062,1165063,1656.75,1657.0,1652.5,1653.0,137690,63396,34517,227787552.0
2013-09-05 10:30:00.055,1190297,1653.0,1655.0,1652.75,1654.0,97510,52894,25234,161276842.75
2013-09-05 11:00:02.650,1204929,1654.0,1656.25,1654.0,1655.5,60082,31990,14632,99448686.5
2013-09-05 11:30:00.286,1218144,1655.5,1656.0,1653.75,1654.25,54434,26595,13215,90074497.0
2013-09-05 12:00:00.330,1225540,1654.25,1655.0,1653.75,1654.5,31635,16833,7396,52335078.0
2013-09-05 12:30:02.852,1236278,1654.5,1655.25,1653.25,1654.75,48672,25407,10738,80520959.0
2013-09-05 13:00:00.143,1247563,1654.75,1656.25,1653.75,1654.0,40633,22430,11285,67246277.75
2013-09-05 13:30:00.343,1256911,1654.0,1655.5,1653.5,1654.75,37130,19718,9348,61435951.0
2013-09-05 14:00:00.039,1267712,1654.75,1656.75,1654.5,1656.0,43815,23375,10801,72537228.5
2013-09-05 14:30:00.046,1278158,1656.0,1656.0,1654.0,1654.75,39097,16323,10446,64708256.25
2013-09-05 15:00:00.017,1298477,1654.75,1655.0,1652.75,1653.25,87873,37684,20319,145298664.0
2013-09-05 15:30:00.022,1306482,1653.25,1653.5,1652.5,1653.25,59545,28168,8005,98419856.0
2013-09-05 16:00:20.538,1307252,1653.25,1653.5,1652.0,1652.5,3968,1689,770,6558200.75
2013-09-05 17:00:00.023,1307678,1652.5,1652.75,1651.75,1652.0,1755,625,426,2899611.75
2013-09-05 17:30:00.552,1308151,1652.0,1653.25,1652.0,1653.25,1586,1039,473,2621198.0
2013-09-05 18:00:02.681,1308474,1653.25,1654.0,1653.25,1653.5,1046,776,323,1729668.75
2013-09-05 18:30:10.037,1308612,1653.5,1653.75,1653.0,1653.5,360,182,138,595217.5
2013-09-05 19:00:01.618,1308904,1653.5,1654.0,1653.25,1654.0,659,472,292,1089789.5
2013-09-05 19:30:23.567,1309924,1654.0,1654.0,1651.5,1652.0,3067,987,1020,5067941.0
2013-09-05 20:00:00.012,1312056,1652.0,1652.0,1648.5,1649.0,6443,1338,2132,10632769.25
2013-09-05 20:30:00.134,1313804,1649.0,1649.75,1648.5,1649.25,5397,3275,1748,8900085.5
2013-09-05 21:00:00.164,1314962,1649.25,1650.25,1649.0,1649.75,3014,1952,1158,4971969.5
2013-09-05 21:30:01.823,1315318,1649.75,1650.0,1649.5,1650.0,862,416,356,1422109.75
2013-09-05 22:00:12.347,1316030,1650.0,1651.25,1650.0,1651.25,1650,1173,712,2723635.0
2013-09-05 22:30:00.038,1316467,1651.25,1651.5,1651.0,1651.5,1157,610,437,1910629.0
2013-09-05 23:00:11.534,1316972,1651.5,1651.75,1651.25,1651.5,1393,882,505,2300490.0
2013-09-05 23:30:09.038,1318017,1651.5,1652.75,1651.25,1652.0,2949,2013,1045,4871773.5
2013-09-06 00:00:00.913,1318799,1652.0,1652.5,1651.5,1652.25,1943,1434,782,3210074.0
2013-09-06 00:30:00.832,1319942,1652.25,1652.5,1650.75,1652.0,3096,1637,1143,5113155.0
2013-09-06 01:00:02.164,1321399,1652.0,1652.25,1650.75,1651.25,3500,1887,1457,5780310.5
2013-09-06 01:30:00.013,1322898,1651.25,1653.75,1651.0,1653.5,3775,2395,1499,6237806.75
2013-09-06 02:00:00.053,1323902,1653.5,1654.0,1653.0,1653.75,2475,1289,1004,4092627.75
2013-09-06 02:30:06.850,1329372,1653.75,1655.75,1653.0,1654.0,13851,6331,5470,22917739.0
2013-09-06 03:00:00.529,1334020,1654.0,1654.5,1652.0,1653.0,11676,6368,4648,19301530.75
2013-09-06 03:30:02.631,1336642,1653.0,1653.5,1652.0,1652.5,6934,3669,2622,11460897.5
2013-09-06 04:00:00.112,1340384,1652.5,1654.25,1652.5,1653.75,10628,6977,3742,17571965.5
2013-09-06 04:30:03.982,1342417,1653.75,1654.0,1653.0,1653.5,4918,2797,2033,8131128.0
2013-09-06 05:00:00.815,1344613,1653.5,1653.5,1652.0,1652.25,6141,3332,2196,10150634.5
2013-09-06 05:30:05.316,1346316,1652.25,1653.0,1652.0,1652.5,4885,4201,1703,8072108.25
2013-09-06 06:00:00.046,1348027,1652.5,1653.75,1652.5,1653.25,5345,3782,1711,8835755.25
2013-09-06 06:30:00.049,1351283,1653.25,1655.25,1653.0,1655.25,11081,6984,3256,18330020.0
2013-09-06 07:00:01.229,1357067,1655.25,1656.5,1655.0,1656.0,17225,8979,5784,28519793.0
2013-09-06 07:30:00.135,1367550,1656.0,1659.75,1655.75,1659.25,37581,20943,10483,62321994.0
2013-09-06 08:00:00.305,1409518,1659.25,1663.5,1656.25,1662.5,148555,81399,41968,246689792.25
2013-09-06 08:30:00.025,1422311,1662.5,1662.75,1659.0,1659.25,42859,17853,12793,71161285.5
2013-09-06 09:00:00.021,1545349,1659.25,1661.0,1642.25,1645.75,498304,233115,123038,822272770.5
2013-09-06 09:30:00.145,1642283,1645.75,1649.5,1638.75,1648.5,344412,172718,96934,566460067.25
2013-09-06 10:00:00.040,1697082,1648.5,1657.25,1648.5,1656.5,226084,122757,54799,373710754.0
2013-09-06 10:30:00.023,1735177,1656.5,1660.25,1656.5,1659.25,178904,91088,38095,296703256.0
2013-09-06 11:00:01.145,1758673,1659.25,1660.5,1658.0,1659.5,106980,50937,23496,177513761.75
2013-09-06 11:30:00.456,1772738,1659.5,1660.5,1658.5,1659.25,65754,36293,14065,109116601.25
2013-09-06 12:00:00.831,1787835,1659.25,1659.5,1656.0,1658.0,64310,25910,15097,106594509.25
2013-09-06 12:30:00.046,1802297,1658.0,1660.75,1657.75,1659.25,59563,33474,14462,98832790.75
2013-09-06 13:00:00.243,1822167,1659.25,1663.25,1659.0,1662.0,81136,45648,19870,134796110.25
2013-09-06 13:30:00.806,1839738,1662.0,1664.0,1661.25,1662.25,73129,32571,17571,121567070.25
2013-09-06 14:00:01.469,1856157,1662.25,1663.25,1660.0,1660.5,63339,29117,16419,105250662.25
2013-09-06 14:30:00.048,1892646,1660.5,1661.5,1656.25,1658.75,137877,60248,36489,228668494.5
2013-09-06 15:00:00.004,1931110,1658.75,1658.75,1652.75,1653.75,178318,82638,38464,295156897.5
2013-09-06 15:30:00.019,1942041,1653.75,1654.75,1652.5,1654.25,77143,38549,10931,127563443.5
2013-09-06 16:00:21.901,1943046,1654.25,1654.5,1653.75,1654.0,5123,2428,1005,8474539.0
2013-09-08 17:00:00.074,1943232,1654.0,1654.5,1653.75,1652.0,715,305,186,1182706.5
2013-09-08 17:30:08.313,1945634,1652.0,1657.5,1652.0,1656.5,7850,4435,2402,12991145.0
2013-09-08 18:00:00.863,1946438,1656.5,1658.0,1656.0,1656.0,2657,1495,804,4402390.5
2013-09-08 18:30:57.441,1946763,1656.0,1656.5,1655.5,1656.0,856,357,325,1417635.25
2013-09-08 19:00:00.760,1947271,1656.0,1657.25,1655.5,1656.5,1509,951,508,2499464.5
2013-09-08 19:30:08.209,1948291,1656.5,1657.0,1655.25,1655.5,2383,831,1020,3946220.0
2013-09-08 20:00:01.265,1949301,1655.5,1655.75,1654.75,1655.25,2155,945,1010,3567145.75
2013-09-08 20:30:00.040,1950068,1655.25,1656.5,1654.75,1655.0,1912,1057,767,3165791.75
2013-09-08 21:00:05.818,1950887,1655.0,1656.75,1655.0,1656.0,1811,1077,819,2999133.25
2013-09-08 21:30:00.460,1951605,1656.0,1656.25,1654.75,1656.0,2071,989,718,3428837.5
2013-09-08 22:00:01.475,1951979,1656.0,1656.75,1655.75,1656.75,726,443,374,1202433.5
2013-09-08 22:30:00.083,1953380,1656.75,1659.0,1656.5,1658.75,3093,2340,1401,5127671.5
2013-09-08 23:00:08.082,1954374,1658.75,1659.25,1657.75,1658.0,2557,993,994,4240662.0
2013-09-08 23:30:21.531,1954644,1658.0,1658.25,1657.75,1658.25,558,356,270,925224.5
2013-09-09 00:00:00.125,1954868,1658.25,1658.25,1657.5,1657.75,442,131,224,732802.5
2013-09-09 00:30:00.036,1955260,1657.75,1658.25,1657.5,1658.0,932,449,392,1545282.5
2013-09-09 01:00:00.033,1955781,1658.0,1658.5,1657.25,1658.5,1251,556,521,2073714.0
2013-09-09 01:30:04.801,1957323,1658.5,1659.0,1657.75,1659.0,3509,1951,1542,5820012.25
2013-09-09 02:00:00.066,1958362,1659.0,1659.25,1657.75,1658.5,2912,1341,1039,4830042.5
2013-09-09 02:30:04.285,1962270,1658.5,1659.0,1656.75,1658.0,10839,5076,3908,17967969.0
2013-09-09 03:00:00.032,1965766,1658.0,1658.75,1656.5,1658.0,8860,4186,3496,14685240.5
2013-09-09 03:30:04.298,1968964,1658.0,1659.75,1657.75,1658.75,9488,4140,3198,15739018.5
2013-09-09 04:00:00.036,1972073,1658.75,1659.5,1657.25,1659.5,8266,4154,3109,13709047.25
2013-09-09 04:30:01.816,1975198,1659.5,1659.5,1657.0,1657.0,8388,2956,3125,13907108.5
2013-09-09 05:00:06.901,1977643,1657.0,1657.75,1656.5,1656.75,6653,2183,2445,11024716.5
2013-09-09 05:30:00.034,1979425,1656.75,1658.0,1656.5,1658.0,4972,3152,1782,8239608.75
2013-09-09 06:00:01.479,1982586,1658.0,1659.0,1656.25,1656.25,8558,3270,3161,14189003.0
2013-09-09 06:30:01.129,1986397,1656.25,1658.5,1656.0,1658.25,10479,5827,3811,17364712.5
2013-09-09 07:00:00.031,1988539,1658.25,1658.5,1656.75,1657.25,6999,2995,2142,11599977.75
2013-09-09 07:30:00.460,1991336,1657.25,1658.25,1656.75,1657.25,9094,5645,2797,15072039.75
2013-09-09 08:00:00.028,1995071,1657.25,1658.25,1656.5,1658.25,10678,6221,3735,17696780.0
2013-09-09 08:30:00.020,1999756,1658.25,1659.25,1657.75,1658.25,14263,6648,4685,23654761.5
2013-09-09 09:00:00.022,2045867,1658.25,1664.75,1658.25,1663.75,180216,97401,46111,299502416.5
2013-09-09 09:30:00.077,2080305,1663.75,1665.25,1660.5,1660.5,129194,58662,34438,214810383.25
2013-09-09 10:00:00.047,2099991,1660.5,1663.0,1660.25,1662.0,76507,37690,19686,127144364.0
2013-09-09 10:30:00.088,2120746,1662.0,1663.25,1661.0,1662.0,88988,44154,20755,147906851.25
2013-09-09 11:00:00.362,2143034,1662.0,1664.75,1661.75,1664.0,92447,51585,22288,153774900.5
2013-09-09 11:30:00.044,2161447,1664.0,1667.0,1663.75,1666.5,82229,47711,18413,136960755.0
2013-09-09 12:00:00.053,2173742,1666.5,1666.75,1665.0,1665.75,55037,26239,12295,91671178.75
2013-09-09 12:30:00.097,2183297,1665.75,1666.75,1665.25,1665.75,38691,18501,9555,64454758.25
2013-09-09 13:00:00.297,2197349,1665.75,1668.5,1665.5,1668.25,55210,31718,14052,92034840.25
2013-09-09 13:30:00.485,2222220,1668.25,1671.75,1668.25,1670.25,118738,65563,24871,198313731.75
2013-09-09 14:00:00.001,2235706,1670.25,1671.0,1669.5,1669.75,56733,28733,13486,94751914.75
2013-09-09 14:30:00.160,2252695,1669.75,1671.5,1669.0,1669.75,69596,33706,16989,116233504.25
2013-09-09 15:00:00.003,2277215,1669.75,1670.75,1668.75,1670.5,112561,65005,24520,187971514.0
2013-09-09 15:30:00.021,2289943,1670.5,1671.25,1668.25,1669.75,96984,48505,12728,161986060.0
2013-09-09 16:00:00.065,2290697,1669.75,1670.5,1669.5,1670.25,5295,3193,754,8842537.25
2013-09-09 17:00:00.027,2291388,1670.25,1671.25,1670.25,1671.0,4251,2719,691,7102409.0
2013-09-09 17:30:00.383,2292539,1671.0,1672.25,1670.5,1672.0,4582,3095,1151,7657680.0
2013-09-09 18:00:00.132,2293108,1672.0,1672.25,1671.25,1671.25,2311,954,569,3863620.5
2013-09-09 18:30:29.237,2293414,1671.25,1671.5,1671.0,1671.25,1003,202,306,1676100.25
2013-09-09 19:00:00.099,2293962,1671.25,1672.25,1671.25,1671.75,2054,1244,548,3433793.5
2013-09-09 19:30:00.214,2294860,1671.75,1671.75,1670.75,1671.25,2332,871,898,3897149.75
2013-09-09 20:00:06.844,2295510,1671.25,1671.75,1670.75,1670.75,1866,470,650,3118393.5
2013-09-09 20:30:00.426,2296603,1670.75,1671.0,1669.5,1669.75,3468,1275,1093,5791997.75
2013-09-09 21:00:00.066,2297519,1669.75,1670.0,1669.0,1669.5,2445,912,916,4081889.25
2013-09-09 21:30:07.440,2298319,1669.5,1671.0,1669.5,1670.75,2190,1640,800,3657495.0
2013-09-09 22:00:00.088,2298777,1670.75,1671.25,1670.0,1670.0,914,496,458,1527072.5
2013-09-09 22:30:00.036,2299634,1670.0,1670.25,1669.0,1669.75,2392,1235,857,3993695.75
2013-09-09 23:00:00.040,2300399,1669.75,1670.25,1669.5,1669.5,2694,1512,765,4498686.25
2013-09-09 23:30:27.115,2300881,1669.5,1670.75,1669.5,1670.0,1408,1025,482,2351682.75
2013-09-10 00:00:25.275,2301046,1670.0,1670.75,1670.0,1670.5,360,295,165,601324.5
2013-09-10 00:30:23.446,2301365,1670.5,1671.25,1670.5,1670.5,830,401,319,1386836.5
2013-09-10 01:00:00.410,2303121,1670.5,1672.75,1670.5,1672.0,5974,3479,1756,9988823.0
2013-09-10 01:30:08.632,2304973,1672.0,1673.0,1670.75,1671.5,5567,3748,1852,9307281.0
2013-09-10 02:00:00.381,2306371,1671.5,1672.75,1671.25,1672.5,4461,3541,1398,7459105.0
2013-09-10 02:30:03.674,2311122,1672.5,1673.75,1671.5,1673.25,13346,6976,4751,22321809.75
2013-09-10 03:00:00.250,2318202,1673.25,1677.25,1672.75,1676.25,27376,18559,7080,45869813.5
2013-09-10 03:30:00.362,2321619,1676.25,1677.5,1676.0,1677.5,11213,7295,3417,18802809.0
2013-09-10 04:00:00.160,2323889,1677.5,1677.75,1676.25,1676.5,7048,2793,2270,11820029.5
2013-09-10 04:30:22.318,2326651,1676.5,1677.0,1675.75,1676.25,8241,3985,2762,13815072.0
2013-09-10 05:00:00.373,2329498,1676.25,1677.75,1676.25,1677.25,8076,4785,2847,13543284.5
2013-09-10 05:30:05.515,2331036,1677.25,1677.75,1677.0,1677.5,5041,2556,1538,8455876.25
2013-09-10 06:00:00.644,2333689,1677.5,1678.5,1677.0,1677.25,11215,6277,2653,18816677.75
2013-09-10 06:30:09.933,2340137,1677.25,1679.0,1677.0,1678.75,25354,14643,6448,42550038.25
2013-09-10 07:00:00.020,2349362,1678.75,1681.25,1678.5,1679.75,37162,20870,9225,62436360.0
2013-09-10 07:30:00.159,2355330,1679.75,1680.75,1679.0,1679.25,22637,11836,5968,38028498.5
2013-09-10 08:00:00.024,2363317,1679.25,1680.75,1678.5,1679.25,22700,11892,7987,38126716.0
2013-09-10 08:30:00.034,2371910,1679.25,1680.75,1678.5,1680.5,33989,19992,8593,57086191.25
2013-09-10 09:00:00.175,2426335,1680.5,1681.25,1676.75,1679.5,198104,96895,54425,332632223.25
2013-09-10 09:30:00.190,2468143,1679.5,1682.0,1679.0,1681.25,152396,75116,41808,256093070.0
2013-09-10 10:00:00.191,2496259,1681.25,1683.0,1680.75,1681.75,118877,60217,28116,199942563.25
2013-09-10 10:30:00.091,2518831,1681.75,1682.25,1680.75,1681.0,105423,49904,22572,177267019.0
2013-09-10 11:00:00.188,2548250,1681.0,1681.25,1676.75,1678.75,126999,58345,29419,213226159.75
2013-09-10 11:30:00.042,2563583,1678.75,1680.0,1678.5,1679.25,71097,31499,15333,119398438.75
2013-09-10 12:00:00.035,2575724,1679.25,1681.25,1678.5,1680.5,48302,27670,12141,81135850.5
2013-09-10 12:30:00.046,2598290,1680.5,1682.0,1679.0,1681.5,99262,53899,22566,166826126.75
2013-09-10 13:00:00.025,2614893,1681.5,1681.75,1680.25,1681.25,80357,37407,16603,135090251.75
2013-09-10 13:30:00.194,2632610,1681.25,1682.0,1680.25,1681.25,73373,32316,17717,123342311.0
2013-09-10 14:00:00.042,2650000,1681.25,1682.0,1679.25,1681.5,75004,39316,17390,126036280.0
2013-09-10 14:30:00.182,2668660,1681.5,1682.75,1680.5,1682.0,88851,48257,18660,149412885.75
2013-09-10 15:00:00.005,2698344,1682.0,1683.25,1680.25,1683.25,138283,72042,29684,232597166.5
2013-09-10 15:30:00.021,2708449,1683.25,1683.25,1681.75,1682.5,87384,44532,10105,147023903.25
2013-09-10 16:00:00.060,2709308,1682.5,1683.0,1682.25,1682.5,5298,1893,859,8914394.75
2013-09-10 17:00:00.024,2709803,1682.5,1683.0,1682.25,1682.25,2504,904,495,4213349.0
2013-09-10 17:30:05.340,2710564,1682.25,1682.5,1681.5,1682.0,2934,1754,761,4935597.25
2013-09-10 18:00:04.967,2711074,1682.0,1682.5,1681.75,1682.0,2183,906,510,3671808.25
2013-09-10 18:31:18.160,2711422,1682.0,1682.0,1681.5,1681.75,1565,426,348,2631721.75
2013-09-10 19:00:00.562,2711789,1681.75,1682.0,1681.0,1681.5,1699,357,367,2856682.75
2013-09-10 19:30:00.435,2712724,1681.5,1681.5,1680.5,1681.0,2601,926,935,4372022.5
2013-09-10 20:00:00.235,2713509,1681.0,1681.0,1680.25,1681.0,2442,1437,785,4104289.0
2013-09-10 20:30:03.655,2718156,1681.0,1684.0,1679.75,1681.75,16736,8521,4647,28146608.25
2013-09-10 21:00:00.039,2719318,1681.75,1682.75,1681.25,1681.75,3163,1292,1162,5320083.5
2013-09-10 21:30:16.285,2720298,1681.75,1682.25,1680.5,1681.25,2621,1263,980,4406551.25
2013-09-10 22:00:08.866,2721089,1681.25,1682.75,1681.0,1681.0,1973,872,791,3318181.5
2013-09-10 22:30:00.036,2721931,1681.0,1681.25,1680.25,1680.25,2925,1412,842,4915625.25
2013-09-10 23:00:12.487,2722543,1680.25,1681.25,1680.0,1681.25,1644,1026,612,2763101.25
2013-09-10 23:30:00.589,2722798,1681.25,1681.75,1681.0,1681.5,730,590,255,1227421.0
2013-09-11 00:00:00.040,2723222,1681.5,1681.5,1680.5,1680.75,1169,453,424,1964978.75
2013-09-11 00:30:01.768,2723683,1680.75,1681.25,1680.75,1681.0,1113,519,461,1870928.25
2013-09-11 01:00:03.353,2724346,1681.0,1681.75,1680.5,1681.5,1844,1012,663,3100146.25
2013-09-11 01:30:00.920,2725666,1681.5,1681.75,1680.25,1680.5,2893,1090,1320,4862908.25
2013-09-11 02:00:00.081,2726682,1680.5,1680.75,1679.75,1680.5,2693,1123,1016,4524843.75
2013-09-11 02:30:06.070,2731209,1680.5,1682.5,1679.75,1682.0,12203,6376,4527,20509863.5
2013-09-11 03:00:00.131,2733966,1682.0,1682.0,1680.0,1680.5,6570,2447,2757,11041850.75
2013-09-11 03:30:00.442,2736975,1680.5,1682.25,1680.5,1681.75,7604,5238,3009,12786057.25
2013-09-11 04:00:00.203,2740100,1681.75,1683.5,1681.5,1683.0,8830,5412,3125,14856318.75
2013-09-11 04:30:01.291,2741921,1683.0,1683.25,1682.0,1682.25,5077,1483,1821,8541792.0
2013-09-11 05:00:00.054,2744052,1682.25,1682.5,1680.5,1681.0,5888,2559,2131,9900440.5
2013-09-11 05:30:01.521,2746411,1681.0,1683.0,1680.75,1682.75,7444,4376,2359,12517850.25
2013-09-11 06:00:00.049,2749110,1682.75,1683.0,1681.5,1682.0,7318,2806,2699,12311520.25
2013-09-11 06:30:00.034,2751093,1682.0,1683.0,1681.5,1682.0,5620,2509,1983,9454447.75
2013-09-11 07:00:00.524,2755982,1682.0,1682.75,1679.75,1680.5,15705,6047,4889,26401654.5
2013-09-11 07:30:00.086,2759721,1680.5,1681.75,1680.25,1680.5,11754,7356,3739,19758187.75
2013-09-11 08:00:00.756,2764072,1680.5,1681.5,1680.25,1681.0,12607,6439,4351,21189350.75
2013-09-11 08:30:00.025,2771340,1681.0,1681.25,1679.25,1680.75,22222,10339,7268,37339589.0
2013-09-11 09:00:00.055,2820955,1680.75,1682.75,1678.5,1679.5,180953,88999,49615,304228236.5
2013-09-11 09:30:00.051,2862524,1679.5,1681.5,1677.75,1678.25,165569,80457,41569,278084414.75
2013-09-11 10:00:00.214,2887859,1678.25,1680.25,1677.75,1680.0,98589,54709,25335,165557092.75
2013-09-11 10:30:00.179,2910695,1680.0,1682.25,1680.0,1681.75,109404,62277,22836,183940980.5
2013-09-11 11:00:00.769,2938224,1681.75,1685.75,1681.5,1684.75,137565,70630,27529,231684463.0
2013-09-11 11:30:00.077,2958431,1684.75,1685.75,1683.5,1685.5,112160,58001,20207,188947908.75
2013-09-11 12:00:00.826,2972684,1685.5,1686.25,1684.5,1685.75,74029,38045,14253,124767480.75
2013-09-11 12:30:00.037,2985361,1685.75,1686.0,1684.75,1685.75,64009,30589,12677,107872904.0
2013-09-11 13:00:00.609,3001560,1685.75,1687.5,1685.5,1686.75,76179,39027,16199,128503322.25
2013-09-11 13:30:03.914,3015655,1686.75,1687.75,1685.5,1686.5,64705,34105,14095,109121645.0
2013-09-11 14:00:00.831,3026876,1686.5,1687.0,1685.0,1685.5,58524,27853,11221,98681209.25
2013-09-11 14:30:00.296,3042764,1685.5,1686.25,1684.25,1684.5,73312,37083,15888,123553538.75
2013-09-11 15:00:00.010,3064891,1684.5,1688.5,1684.25,1688.5,110766,61384,22127,186755528.5
2013-09-11 15:30:00.019,3073558,1688.5,1689.0,1687.5,1688.75,63192,37899,8667,106682513.25
2013-09-11 16:00:00.430,3074990,1688.75,1690.0,1688.75,1689.75,9383,6536,1432,15849567.0
2013-09-11 17:00:00.024,3075903,1689.75,1690.5,1689.75,1689.75,3977,2834,913,6721504.75
2013-09-11 17:30:00.454,3076698,1689.75,1690.0,1689.0,1689.5,2737,966,795,4624495.0
2013-09-11 18:00:10.183,3077005,1689.5,1689.5,1688.75,1689.25,963,548,307,1626742.25
2013-09-11 18:30:00.294,3077262,1689.25,1689.5,1688.75,1689.0,781,560,257,1319145.5
2013-09-11 19:00:00.364,3078122,1689.0,1689.5,1688.25,1688.5,3625,1203,860,6122048.5
2013-09-11 19:30:00.292,3079283,1688.5,1689.5,1688.25,1688.5,4211,1399,1161,7111292.0
2013-09-11 20:00:00.597,3080192,1688.5,1688.75,1687.5,1687.75,3869,1174,909,6531297.5
2013-09-11 20:30:00.165,3081965,1687.75,1690.0,1687.75,1688.25,5566,3426,1773,9400524.0
2013-09-11 21:00:04.226,3083077,1688.25,1688.5,1687.25,1687.25,3539,1197,1112,5972837.75
2013-09-11 21:30:06.370,3083891,1687.25,1688.0,1687.25,1687.5,2261,1631,814,3815716.0
2013-09-11 22:00:11.352,3084329,1687.5,1688.5,1687.5,1688.0,1213,580,438,2047563.0
2013-09-11 22:30:00.037,3084579,1688.0,1688.25,1687.5,1687.75,710,319,250,1198456.5
2013-09-11 23:00:14.430,3085006,1687.75,1688.5,1687.75,1688.5,1006,753,427,1698234.5
2013-09-11 23:31:09.675,3085322,1688.5,1688.75,1687.75,1687.75,756,335,316,1276263.5
2013-09-12 00:03:05.341,3085666,1687.75,1688.0,1687.5,1687.5,891,207,344,1503782.0
2013-09-12 00:30:00.050,3086006,1687.5,1688.25,1687.5,1688.25,1047,777,340,1767347.5
2013-09-12 01:00:00.063,3087024,1688.25,1688.75,1688.0,1688.5,3217,1955,1018,5431336.0
2013-09-12 01:30:03.176,3088055,1688.5,1688.5,1687.25,1687.75,2761,1119,1031,4659748.75
2013-09-12 02:00:00.090,3089013,1687.75,1687.75,1686.75,1687.25,3043,970,958,5133598.25
2013-09-12 02:30:10.520,3091433,1687.25,1688.0,1686.75,1687.5,6645,3530,2420,11212454.75
2013-09-12 03:00:00.041,3094140,1687.5,1688.25,1687.0,1687.75,7288,3816,2707,12300244.5
2013-09-12 03:30:24.588,3097361,1687.75,1688.25,1686.5,1686.75,9473,3787,3221,15983145.75
2013-09-12 04:00:00.046,3098834,1686.75,1687.25,1686.5,1687.0,5154,2386,1473,8693847.25
2013-09-12 04:30:00.200,3101335,1687.0,1687.0,1685.25,1685.5,8745,2632,2501,14745145.25
2013-09-12 05:00:00.719,3103629,1685.5,1687.0,1685.25,1686.25,7302,3371,2294,12312834.0
2013-09-12 05:30:00.032,3105771,1686.25,1687.0,1685.25,1687.0,5858,3370,2142,9877121.0
2013-09-12 06:00:01.458,3108009,1687.0,1687.75,1686.5,1687.5,7481,3762,2238,12622344.0
2013-09-12 06:30:00.025,3110107,1687.5,1687.75,1686.75,1687.0,7632,3156,2098,12877109.75
2013-09-12 07:00:00.856,3114664,1687.0,1689.5,1687.0,1689.25,16640,9389,4557,28092409.0
2013-09-12 07:30:00.019,3118358,1689.25,1689.5,1687.25,1687.75,13413,6190,3694,22646394.0
2013-09-12 08:00:00.394,3124566,1687.75,1689.0,1687.0,1688.5,17386,9438,6208,29349587.0
2013-09-12 08:30:00.011,3129427,1688.5,1688.75,1687.0,1687.75,15336,7427,4861,25883560.25
2013-09-12 09:00:00.096,3173146,1687.75,1689.0,1685.0,1688.0,148146,69803,43719,249907831.5
2013-09-12 09:30:00.275,3190827,1688.0,1689.25,1687.0,1689.25,56395,30989,17681,95191929.0
2013-09-12 10:00:00.603,3206818,1689.25,1690.0,1687.75,1687.75,51396,24833,15991,86811035.75
2013-09-12 10:30:00.093,3225410,1687.75,1688.75,1685.25,1686.75,66393,32600,18592,111999073.5
2013-09-12 11:00:01.369,3244735,1686.75,1687.5,1684.25,1685.25,67010,30076,19325,112933764.25
2013-09-12 11:30:00.715,3263053,1685.25,1685.5,1681.75,1683.0,71114,27244,18318,119714561.75
2013-09-12 12:00:00.263,3272721,1683.0,1684.5,1682.75,1684.5,34296,18861,9668,57747223.5
2013-09-12 12:30:00.679,3282801,1684.5,1687.5,1684.0,1686.5,35030,20108,10080,59057857.5
2013-09-12 13:00:00.066,3291089,1686.5,1687.25,1685.5,1685.75,25686,11821,8288,43314113.5
2013-09-12 13:30:00.251,3300296,1685.75,1686.75,1685.0,1685.75,35329,17348,9207,59559645.0
2013-09-12 14:00:00.012,3310793,1685.75,1686.75,1683.75,1686.75,40205,19776,10497,67757406.75
2013-09-12 14:30:01.358,3326180,1686.75,1686.75,1682.5,1684.25,69624,33309,15387,117248122.25
2013-09-12 15:00:00.014,3344338,1684.25,1684.25,1681.25,1683.75,90499,53734,18158,152301854.5
2013-09-12 15:30:00.019,3352975,1683.75,1685.0,1683.5,1685.0,61028,27168,8637,102802670.75
2013-09-12 16:00:32.208,3353733,1685.0,1685.75,1685.0,1685.5,3672,1926,758,6188146.0
2013-09-12 17:00:00.024,3354194,1685.5,1685.75,1684.75,1678.25,2284,1165,461,3849135.25
2013-09-12 17:30:20.170,3354521,1678.25,1679.5,1678.0,1679.0,1184,669,327,1987552.75
2013-09-12 18:01:56.515,3354582,1679.0,1679.25,1678.75,1679.0,102,44,61,171258.75
2013-09-12 18:30:52.461,3354616,1679.0,1679.25,1678.75,1679.0,66,29,34,110819.5
2013-09-12 19:00:00.326,3354752,1679.0,1679.25,1678.25,1679.0,317,150,136,532165.75
2013-09-12 19:30:00.321,3355454,1679.0,1680.75,1679.0,1679.75,2322,1341,702,3900643.75
2013-09-12 20:00:00.272,3355875,1679.75,1680.5,1679.75,1680.25,1298,1046,421,2181101.0
2013-09-12 20:30:51.662,3356399,1680.25,1680.25,1679.25,1679.25,1695,595,524,2847216.5
2013-09-12 21:00:11.911,3356976,1679.25,1680.0,1679.0,1679.5,1282,737,577,2153280.75
2013-09-12 21:30:03.091,3357386,1679.5,1679.75,1678.5,1678.5,1585,325,410,2661121.25
2013-09-12 22:00:30.725,3357576,1678.5,1678.75,1678.25,1678.75,676,346,190,1134705.25
2013-09-12 22:30:00.460,3357749,1678.75,1679.25,1678.5,1678.75,479,235,173,804235.5
2013-09-12 23:00:00.230,3358207,1678.75,1679.0,1678.25,1679.25,1426,658,458,2393562.25
2013-09-12 23:30:01.115,3358434,1679.25,1679.5,1679.0,1679.25,675,305,227,1133526.75
2013-09-13 00:00:44.393,3358591,1679.25,1679.25,1678.75,1679.25,368,234,157,617908.25
2013-09-13 00:30:00.042,3359901,1679.25,1679.25,1675.25,1676.0,4412,772,1310,7399823.0
2013-09-13 01:00:00.021,3361178,1676.0,1676.0,1674.0,1675.5,4292,1798,1277,7189171.5
2013-09-13 01:30:08.261,3362059,1675.5,1676.75,1675.5,1676.75,3305,1264,881,5539436.25
2013-09-13 02:00:00.087,3362348,1676.75,1677.25,1676.0,1676.0,985,385,289,1651255.0
2013-09-13 02:30:00.031,3364278,1676.0,1677.75,1675.5,1677.25,7590,4233,1930,12726448.0
2013-09-13 03:00:21.722,3365743,1677.25,1679.0,1677.0,1678.0,6328,4070,1465,10618765.5
2013-09-13 03:30:01.175,3367753,1678.0,1678.0,1675.25,1675.75,8396,3817,2010,14073842.75
2013-09-13 04:00:22.287,3369037,1675.75,1676.5,1674.75,1676.25,3589,1732,1284,6013912.25
2013-09-13 04:30:13.368,3369914,1676.25,1676.75,1675.5,1676.75,2043,1465,877,3424265.25
2013-09-13 05:00:04.649,3370782,1676.75,1677.25,1675.75,1676.0,2165,840,868,3629805.25
2013-09-13 05:30:00.305,3371661,1676.0,1677.25,1675.75,1676.5,2516,848,879,4218608.0
2013-09-13 06:00:15.823,3372698,1676.5,1677.0,1675.75,1676.75,3225,1670,1037,5406210.75
2013-09-13 06:30:04.627,3374207,1676.75,1677.5,1676.0,1677.25,4829,2434,1509,8097647.0
2013-09-13 07:00:00.562,3376026,1677.25,1679.0,1677.25,1678.0,7008,3726,1819,11761493.75
2013-09-13 07:30:00.750,3379079,1678.0,1680.5,1678.0,1679.5,13213,7298,3053,22192253.75
2013-09-13 08:00:00.382,3382387,1679.5,1680.0,1678.0,1679.5,9816,3947,3308,16480525.5
2013-09-13 08:30:00.009,3386282,1679.5,1679.75,1678.0,1679.0,14157,7302,3895,23768287.0
2013-09-13 09:00:00.031,3417906,1679.0,1682.25,1677.75,1680.25,127660,61223,31624,214423584.5
2013-09-13 09:30:00.098,3446903,1680.25,1680.5,1675.0,1676.25,103510,46786,28997,173598555.0
2013-09-13 10:00:00.174,3465380,1676.25,1679.75,1676.25,1679.0,81029,42762,18477,135990458.75
2013-09-13 10:30:00.033,3479041,1679.0,1681.5,1678.5,1680.5,51836,25866,13661,87068976.5
2013-09-13 11:00:02.128,3488556,1680.5,1681.25,1680.0,1680.5,30067,14853,9515,50529002.5
2013-09-13 11:30:04.913,3494285,1680.5,1681.75,1680.25,1681.0,19003,9608,5729,31941653.5
2013-09-13 12:00:03.443,3500482,1681.0,1681.25,1679.25,1679.5,23004,8283,6197,38649203.75
2013-09-13 12:30:00.258,3505252,1679.5,1681.25,1679.5,1681.0,15395,10341,4770,25872586.75
2013-09-13 13:00:00.461,3510001,1681.0,1681.25,1680.0,1681.25,13877,6168,4749,23323819.0
2013-09-13 13:30:00.848,3517245,1681.25,1682.0,1680.5,1681.0,25057,14529,7244,42131088.25
2013-09-13 14:00:00.613,3522042,1681.0,1681.0,1680.25,1680.5,14434,6236,4797,24258559.25
2013-09-13 14:30:00.208,3528251,1680.5,1681.0,1679.5,1680.5,21196,10450,6209,35616364.25
2013-09-13 15:00:00.025,3543561,1680.5,1681.5,1678.75,1681.0,73471,36614,15310,123455268.0
2013-09-13 15:30:00.021,3549784,1681.0,1682.25,1680.25,1682.5,42294,22301,6223,71109568.25
2013-09-13 16:00:23.694,3550780,1682.5,1683.75,1682.5,1683.25,4575,3537,996,7700309.25
2013-09-15 17:00:00.189,3551022,1683.25,1683.25,1682.5,1693.0,936,324,242,1575131.75
2013-09-15 17:30:00.842,3560543,1693.0,1701.5,1692.0,1699.25,44909,27485,9521,76222048.0
2013-09-15 18:00:02.991,3565273,1699.25,1703.75,1699.25,1700.75,20067,11239,4730,34146708.0
2013-09-15 18:30:00.616,3566660,1700.75,1701.75,1700.5,1701.0,5799,3320,1387,9864864.5
2013-09-15 19:00:00.092,3568022,1701.0,1701.0,1699.25,1699.75,5828,2221,1362,9908836.0
2013-09-15 19:30:13.214,3569363,1699.75,1700.25,1699.25,1699.75,4007,1583,1341,6810820.25
2013-09-15 20:00:03.386,3570545,1699.75,1700.5,1699.5,1700.0,4058,2206,1182,6898544.25
2013-09-15 20:30:00.152,3571650,1700.0,1700.25,1699.5,1699.75,3342,1290,1105,5680763.5
2013-09-15 21:00:10.252,3572282,1699.75,1700.0,1699.0,1699.25,1819,626,632,3091338.0
2013-09-15 21:30:09.269,3572666,1699.25,1699.75,1699.0,1699.75,1219,688,384,2071582.0
2013-09-15 22:00:01.198,3573006,1699.75,1700.0,1699.5,1700.0,1247,528,340,2119687.25
2013-09-15 22:30:00.144,3573683,1700.0,1700.75,1699.5,1700.0,1988,1002,677,3380014.5
2013-09-15 23:00:00.459,3574044,1700.0,1700.75,1700.0,1700.5,803,566,361,1365434.0
2013-09-15 23:30:15.513,3574567,1700.5,1701.0,1700.25,1700.5,1425,891,523,2423468.5
2013-09-16 00:00:00.242,3575095,1700.5,1700.75,1700.0,1700.25,1787,699,528,3038570.25
2013-09-16 00:30:00.170,3575571,1700.25,1700.5,1699.75,1700.0,1706,880,476,2900441.25
2013-09-16 01:00:00.167,3576296,1700.0,1700.25,1699.25,1699.75,2935,831,725,4988836.5
2013-09-16 01:30:01.895,3578060,1699.75,1699.75,1698.5,1698.75,6290,1927,1764,10687452.5
2013-09-16 02:00:00.433,3579884,1698.75,1699.75,1698.75,1699.25,5759,3305,1824,9785848.75
2013-09-16 02:30:00.069,3584749,1699.25,1699.5,1697.5,1697.5,18515,6781,4865,31443819.0
2013-09-16 03:00:34.850,3588135,1697.5,1699.75,1697.5,1699.25,9125,6391,3386,15500085.5
2013-09-16 03:30:12.944,3593455,1699.25,1702.5,1699.0,1702.5,16959,11850,5320,28852637.75
2013-09-16 04:00:00.411,3595670,1702.5,1702.5,1700.75,1700.75,6341,2729,2215,10789000.75
2013-09-16 04:30:08.653,3597110,1700.75,1701.75,1700.25,1701.5,4657,2974,1440,7922025.25
2013-09-16 05:00:03.170,3598762,1701.5,1701.75,1699.75,1700.25,4472,1339,1652,7604675.25
2013-09-16 05:30:12.418,3600968,1700.25,1701.5,1700.25,1700.25,6176,2271,2206,10504576.75
2013-09-16 06:00:03.537,3602816,1700.25,1700.75,1699.5,1699.5,6191,2396,1848,10525341.0
2013-09-16 06:30:00.069,3605365,1699.5,1700.5,1699.0,1699.75,8962,5812,2549,15231545.5
2013-09-16 07:00:00.371,3607555,1699.75,1700.25,1699.25,1699.75,7024,3069,2190,11939040.25
2013-09-16 07:30:00.375,3610041,1699.75,1700.0,1698.5,1698.5,7557,2584,2486,12842226.25
2013-09-16 08:00:02.255,3615511,1698.5,1699.0,1697.5,1698.0,18167,6673,5470,30852285.5
2013-09-16 08:30:00.008,3622503,1698.0,1700.0,1698.0,1699.25,25265,12197,6992,42927884.5
2013-09-16 09:00:00.065,3674242,1699.25,1700.5,1693.5,1694.75,211292,102713,51739,358374191.0
2013-09-16 09:30:00.352,3706039,1694.75,1696.0,1691.75,1695.0,126522,69348,31797,214339299.0
2013-09-16 10:00:00.074,3732007,1695.0,1696.75,1693.75,1694.25,88112,44974,25968,149381336.0
2013-09-16 10:30:00.048,3749375,1694.25,1696.25,1693.75,1696.25,63946,31496,17368,108380053.5
2013-09-16 11:00:00.451,3761056,1696.25,1697.25,1695.75,1697.0,44229,21255,11681,75033797.75
2013-09-16 11:30:01.353,3774299,1697.0,1698.5,1696.5,1697.5,55406,28553,13243,94048425.5
2013-09-16 12:00:00.071,3785259,1697.5,1697.5,1695.0,1695.0,40521,15896,10960,68741353.75
2013-09-16 12:30:00.122,3794451,1695.0,1696.0,1694.25,1695.0,27985,15779,9192,47439721.5
2013-09-16 13:00:00.140,3815378,1695.0,1695.25,1690.0,1692.75,76741,34171,20927,129862010.25
2013-09-16 13:30:00.407,3830099,1692.75,1693.25,1691.0,1691.5,47412,21509,14721,80237597.0
2013-09-16 14:00:00.484,3853732,1691.5,1692.0,1689.0,1689.75,80877,36496,23633,136709569.5
2013-09-16 14:30:00.197,3870441,1689.75,1692.5,1689.75,1690.25,54372,27172,16709,91957451.75
2013-09-16 15:00:00.018,3904462,1690.25,1691.0,1688.0,1690.5,135132,64097,34021,228324605.25
2013-09-16 15:30:00.048,3913602,1690.5,1691.75,1689.5,1691.0,57696,32084,9140,97545344.25
2013-09-16 16:00:00.392,3914860,1691.0,1692.25,1690.75,1690.75,7513,3417,1258,12708420.5
2013-09-16 17:00:00.051,3915636,1690.75,1691.0,1689.0,1689.0,3899,1137,776,6588379.75
2013-09-16 17:30:31.497,3916449,1689.0,1690.75,1688.75,1690.5,3505,2577,813,5922931.75
2013-09-16 18:00:33.886,3916826,1690.5,1690.75,1690.0,1690.5,1582,889,377,2674258.0
2013-09-16 18:30:04.073,3917024,1690.5,1690.5,1690.0,1690.25,697,239,198,1178138.5
2013-09-16 19:00:00.126,3917936,1690.25,1690.5,1688.25,1688.5,2504,826,912,4229629.25
2013-09-16 19:30:00.244,3918847,1688.5,1689.0,1688.0,1688.5,2232,805,911,3768640.0
2013-09-16 20:00:01.810,3919714,1688.5,1690.0,1688.5,1689.25,2711,1789,867,4579849.25
2013-09-16 20:30:00.097,3920285,1689.25,1690.0,1689.0,1690.0,1451,1057,571,2451492.75
2013-09-16 21:00:44.838,3920710,1690.0,1690.25,1688.75,1689.0,905,260,425,1528987.75
2013-09-16 21:30:03.260,3921097,1689.0,1689.75,1688.75,1689.75,913,726,387,1542399.5
2013-09-16 22:00:01.543,3921459,1689.75,1690.25,1689.25,1690.25,864,661,362,1460082.75
2013-09-16 22:30:00.060,3921890,1690.25,1690.75,1690.0,1690.25,1149,824,431,1942348.5
2013-09-16 23:00:00.325,3922696,1690.25,1690.25,1689.25,1689.25,2041,826,806,3448629.0
2013-09-16 23:30:35.468,3923065,1689.25,1689.5,1688.75,1689.25,791,313,369,1336049.25
2013-09-17 00:00:17.785,3923315,1689.25,1689.25,1688.5,1689.0,505,227,250,852871.0
2013-09-17 00:30:00.061,3923792,1689.0,1689.25,1688.25,1688.25,1167,414,477,1970753.0
2013-09-17 01:00:00.065,3924447,1688.25,1689.25,1688.0,1688.75,1535,979,655,2591914.25
2013-09-17 01:30:00.060,3925822,1688.75,1689.75,1688.5,1689.0,3437,1698,1375,5805256.75
2013-09-17 02:00:00.104,3926458,1689.0,1689.5,1688.5,1689.5,1729,1049,636,2920427.0
2013-09-17 02:30:00.072,3929415,1689.5,1691.25,1689.25,1689.75,8356,5032,2957,14123543.25
2013-09-17 03:00:00.058,3931793,1689.75,1690.75,1688.25,1688.25,5914,2253,2378,9991013.75
2013-09-17 03:30:04.587,3933843,1688.25,1689.0,1687.75,1688.5,5373,2280,2050,9072046.25
2013-09-17 04:00:00.062,3935817,1688.5,1690.25,1688.0,1689.5,5040,3203,1974,8513489.25
2013-09-17 04:30:19.036,3939193,1689.5,1690.5,1688.0,1688.5,9116,3396,3376,15397552.75
2013-09-17 05:00:13.803,3941872,1688.5,1689.75,1688.0,1689.5,6759,3145,2679,11414357.0
2013-09-17 05:30:00.057,3943848,1689.5,1689.75,1688.25,1689.0,5655,2697,1976,9551050.25
2013-09-17 06:00:00.065,3945350,1689.0,1689.75,1688.75,1689.5,4539,2427,1502,7667529.75
2013-09-17 06:30:00.787,3948641,1689.5,1691.5,1688.5,1691.25,10463,6331,3291,17680983.5
2013-09-17 07:00:01.063,3952162,1691.25,1691.25,1689.5,1691.25,10697,5045,3521,18083236.0
2013-09-17 07:30:00.047,3955371,1691.25,1691.75,1690.75,1691.5,12714,6599,3209,21501656.5
2013-09-17 08:00:00.354,3960767,1691.5,1692.75,1691.25,1691.75,20180,10993,5396,34144575.75
2013-09-17 08:30:00.027,3967967,1691.75,1693.25,1691.75,1692.25,31614,15981,7200,53505640.75
2013-09-17 09:00:00.059,4005271,1692.25,1696.5,1692.0,1695.25,147354,74024,37304,249687744.75
2013-09-17 09:30:00.183,4027219,1695.25,1697.25,1694.75,1696.75,84015,41505,21948,142506888.75
2013-09-17 10:00:00.120,4044056,1696.75,1697.75,1695.5,1696.0,61921,30602,16837,105048631.0
2013-09-17 10:30:00.471,4056877,1696.0,1697.0,1695.5,1697.0,44702,22021,12821,75831289.25
2013-09-17 11:00:00.068,4066914,1697.0,1697.25,1695.5,1696.25,34168,16708,10037,57954669.5
2013-09-17 11:30:01.495,4072322,1696.25,1696.75,1695.75,1696.75,17048,9265,5408,28918930.0
2013-09-17 12:00:00.089,4080897,1696.75,1698.25,1696.0,1698.0,29025,16803,8575,49256192.5
2013-09-17 12:30:00.064,4089509,1698.0,1698.5,1697.0,1697.5,31124,14780,8612,52841934.0
2013-09-17 13:00:00.278,4096089,1697.5,1698.25,1697.25,1698.25,21158,8324,6580,35920634.75
2013-09-17 13:30:00.269,4104888,1698.25,1698.75,1697.25,1697.75,28433,11898,8799,48279121.75
2013-09-17 14:00:00.062,4113020,1697.75,1698.5,1697.5,1697.75,27874,13532,8132,47331491.25
2013-09-17 14:30:00.065,4120618,1697.75,1698.25,1697.5,1697.75,35368,15963,7598,60051608.25
2013-09-17 15:00:00.040,4139430,1697.75,1698.25,1696.5,1698.0,95740,45554,18812,162516663.25
2013-09-17 15:30:00.046,4148233,1698.0,1699.25,1697.5,1699.0,56227,26835,8803,95475862.5
2013-09-17 16:00:00.924,4149763,1699.0,1699.75,1698.5,1699.25,7059,3550,1530,11993887.75
2013-09-17 17:00:00.020,4150180,1699.25,1699.75,1699.0,1699.25,1740,946,417,2956876.5
2013-09-17 17:30:00.341,4150980,1699.25,1699.75,1698.25,1698.5,3018,1581,800,5127488.25
2013-09-17 18:00:02.763,4151256,1698.5,1699.0,1698.5,1698.75,868,500,276,1474515.5
2013-09-17 18:30:01.168,4151489,1698.75,1699.0,1698.5,1699.0,484,187,233,822229.0
2013-09-17 19:00:02.465,4151827,1699.0,1699.25,1698.75,1698.75,1298,691,338,2205241.25
2013-09-17 19:30:00.433,4153082,1698.75,1700.0,1698.5,1699.5,4096,3017,1255,6960532.25
2013-09-17 20:00:00.846,4153580,1699.5,1699.75,1699.0,1699.0,982,465,498,1668783.5
2013-09-17 20:30:17.040,4154163,1699.0,1700.25,1699.0,1700.25,1862,1610,583,3164976.25
2013-09-17 21:00:10.646,4155037,1700.25,1700.5,1699.75,1700.25,2725,1487,874,4633313.75
2013-09-17 21:30:39.801,4155664,1700.25,1701.0,1700.25,1700.5,1898,1019,627,3227656.25
2013-09-17 22:00:03.492,4156134,1700.5,1700.5,1700.0,1700.25,1141,346,470,1940023.25
2013-09-17 22:30:00.543,4157252,1700.25,1700.25,1698.25,1698.75,3837,1029,1118,6520115.75
2013-09-17 23:00:00.585,4157673,1698.75,1699.75,1698.75,1699.5,891,569,421,1514089.0
2013-09-17 23:30:16.845,4157964,1699.5,1699.75,1699.0,1699.25,563,221,291,956742.5
2013-09-18 00:00:17.575,4158174,1699.25,1699.5,1699.0,1699.25,409,228,210,694969.75
2013-09-18 00:30:00.043,4158408,1699.25,1699.5,1699.0,1699.5,487,434,234,827586.0
2013-09-18 01:00:00.209,4159001,1699.5,1700.0,1699.25,1700.0,1414,766,593,2403255.25
2013-09-18 01:30:07.782,4160046,1700.0,1700.0,1698.75,1699.0,2730,1169,1045,4638821.5
2013-09-18 02:00:00.045,4160805,1699.0,1699.5,1698.75,1699.25,1729,896,759,2938077.5
2013-09-18 02:30:00.175,4163531,1699.25,1700.0,1698.25,1698.25,8349,3791,2726,14186126.5
2013-09-18 03:00:00.075,4165574,1698.25,1699.25,1698.0,1699.0,5480,2832,2043,9309383.75
2013-09-18 03:30:02.072,4168060,1699.0,1700.75,1699.0,1700.5,7037,3308,2486,11963248.25
2013-09-18 04:00:21.847,4170718,1700.5,1700.75,1699.75,1700.75,7197,3790,2658,12236347.75
2013-09-18 04:30:00.349,4173532,1700.75,1701.5,1699.75,1701.25,8367,5094,2814,14230267.0
2013-09-18 05:00:02.308,4176167,1701.25,1701.75,1700.0,1700.25,7749,3368,2635,13180503.0
2013-09-18 05:30:01.153,4178786,1700.25,1700.75,1699.75,1700.25,7102,3403,2619,12075144.0
2013-09-18 06:00:00.047,4181454,1700.25,1700.5,1699.25,1700.25,8112,3746,2668,13788322.5
2013-09-18 06:30:00.573,4183360,1700.25,1700.5,1699.25,1699.75,5470,2809,1906,9297574.25
2013-09-18 07:00:00.021,4185489,1699.75,1700.25,1699.0,1699.5,6735,3773,2129,11447335.0
2013-09-18 07:30:00.049,4190033,1699.5,1700.25,1698.5,1699.0,20468,9213,4544,34785445.0
2013-09-18 08:00:00.301,4194780,1699.0,1699.5,1698.25,1698.5,13983,6481,4747,23754094.25
2013-09-18 08:30:00.002,4201259,1698.5,1699.0,1697.25,1697.75,21721,8562,6479,36881669.5
2013-09-18 09:00:00.034,4233554,1697.75,1699.0,1697.0,1697.75,110993,52319,32295,188470043.75
2013-09-18 09:30:00.045,4257845,1697.75,1699.25,1695.5,1696.0,85928,34918,24291,145879413.5
2013-09-18 10:00:00.203,4279583,1696.0,1696.5,1694.5,1696.0,78127,38774,21738,132468071.75
2013-09-18 10:30:00.242,4290847,1696.0,1696.5,1695.0,1696.0,42563,21544,11264,72177420.0
2013-09-18 11:00:00.203,4305696,1696.0,1696.25,1694.0,1694.25,53540,23407,14849,90754732.75
2013-09-18 11:30:00.323,4320676,1694.25,1694.75,1693.25,1694.0,58350,29158,14980,98844510.0
2013-09-18 12:00:00.050,4328626,1694.0,1695.5,1693.5,1695.0,28271,15291,7950,47907148.0
2013-09-18 12:30:00.061,4341210,1695.0,1697.5,1695.0,1696.75,51731,27935,12584,87743718.75
2013-09-18 13:00:00.023,4351628,1696.75,1697.25,1695.0,1695.75,36606,17915,10418,62088342.5
2013-09-18 13:30:00.063,4475776,1695.75,1717.0,1695.75,1713.75,492475,265012,124148,842794867.25
2013-09-18 14:00:00.046,4534017,1713.75,1722.5,1712.0,1722.5,217634,121527,58241,373607469.0
2013-09-18 14:30:00.270,4582051,1722.5,1723.25,1716.75,1717.25,193711,88469,48034,333154707.25
2013-09-18 15:00:00.008,4626479,1717.25,1719.75,1716.25,1718.75,207122,103128,44428,355851972.75
2013-09-18 15:30:00.020,4639700,1718.75,1719.25,1717.25,1718.0,104326,46203,13221,179238577.5
2013-09-18 16:00:01.088,4640826,1718.0,1718.5,1717.5,1718.25,7618,4209,1126,13087868.0
2013-09-18 17:00:00.022,4641651,1718.25,1719.0,1718.25,1718.5,3837,2362,825,6594768.75
2013-09-18 17:30:00.594,4642675,1718.5,1719.5,1718.5,1719.0,4280,2280,1024,7356890.75
2013-09-18 18:00:00.660,4643758,1719.0,1719.75,1718.5,1719.5,3024,1608,1083,5198019.0
2013-09-18 18:30:06.109,4645070,1719.5,1720.5,1719.0,1720.25,5154,3501,1312,8863903.75
2013-09-18 19:00:01.266,4646155,1720.25,1720.5,1719.25,1719.5,2945,1301,1085,5065487.25
2013-09-18 19:30:00.598,4647602,1719.5,1719.75,1718.5,1718.5,3714,1469,1447,6384301.0
2013-09-18 20:00:00.270,4648617,1718.5,1719.25,1718.25,1718.75,2144,1051,1015,3684851.5
2013-09-18 20:30:00.281,4649514,1718.75,1719.0,1718.25,1718.75,2526,1178,897,4341205.5
2013-09-18 21:00:00.292,4650333,1718.75,1719.5,1718.5,1719.5,1885,1146,819,3240316.0
2013-09-18 21:30:00.790,4651685,1719.5,1720.5,1719.25,1720.25,4286,2861,1352,7372080.25
2013-09-18 22:00:00.972,4652714,1720.25,1720.75,1719.5,1720.5,2623,1015,1029,4512200.0
2013-09-18 22:30:00.036,4653536,1720.5,1720.75,1719.25,1719.5,2560,733,822,4403023.5
2013-09-18 23:00:00.972,4654557,1719.5,1719.5,1718.75,1718.75,3241,1374,1021,5571398.75
2013-09-18 23:30:00.810,4654933,1718.75,1719.75,1718.75,1719.5,1194,737,376,2052972.5
2013-09-19 00:00:00.968,4655232,1719.5,1719.75,1719.25,1719.25,782,436,299,1344642.75
2013-09-19 00:30:00.090,4656111,1719.25,1719.75,1719.0,1719.5,2118,878,879,3641632.5
2013-09-19 01:00:00.047,4657127,1719.5,1720.75,1719.5,1720.5,3865,2730,1016,6648811.5
2013-09-19 01:30:00.181,4659095,1720.5,1721.0,1719.0,1720.25,5824,2800,1968,10016492.25
2013-09-19 02:00:00.081,4661420,1720.25,1721.25,1720.0,1721.0,7321,4663,2325,12597206.5
2013-09-19 02:30:00.029,4669482,1721.0,1721.75,1720.25,1721.5,24977,11826,8062,42982400.5
2013-09-19 03:00:00.756,4675555,1721.5,1723.75,1721.5,1722.75,20420,12869,6073,35175399.5
2013-09-19 03:30:07.889,4679396,1722.75,1723.25,1722.25,1722.5,11978,5346,3841,20634605.0
2013-09-19 04:00:02.203,4682427,1722.5,1723.5,1722.25,1723.5,10272,5864,3031,17696880.75
2013-09-19 04:30:01.324,4685789,1723.5,1724.75,1723.25,1724.5,15021,9378,3362,25896897.75
2013-09-19 05:00:02.497,4692303,1724.5,1726.75,1724.5,1725.75,24953,13682,6514,43063326.5
2013-09-19 05:30:01.447,4695134,1725.75,1726.5,1725.0,1726.0,8898,3769,2831,15355632.5
2013-09-19 06:00:00.328,4697783,1726.0,1726.25,1725.0,1725.0,8639,4455,2649,14907001.5
2013-09-19 06:30:01.363,4700962,1725.0,1725.75,1723.75,1723.75,10823,3292,3179,18664582.75
2013-09-19 07:00:00.049,4704785,1723.75,1723.75,1721.75,1723.0,12520,5430,3823,21568912.5
2013-09-19 07:30:00.027,4710060,1723.0,1723.0,1721.25,1722.0,18479,8283,5275,31820352.0
2013-09-19 08:00:00.028,4719878,1722.0,1723.0,1721.0,1721.75,31773,16626,9818,54716335.5
2013-09-19 08:30:00.015,4728307,1721.75,1723.5,1721.5,1723.0,27976,16241,8429,48189196.75
2013-09-19 09:00:00.027,4785546,1723.0,1723.75,1718.25,1722.0,236197,110917,57239,406448590.5
2013-09-19 09:30:00.040,4838819,1722.0,1722.75,1717.75,1719.75,202208,98733,53273,347816041.25
2013-09-19 10:00:00.306,4864138,1719.75,1720.5,1718.25,1719.75,88357,41879,25319,151926987.0
2013-09-19 10:30:00.085,4886059,1719.75,1720.0,1717.5,1718.5,89640,44442,21921,154050541.0
2013-09-19 11:00:00.283,4911398,1718.5,1718.75,1715.5,1716.75,105883,46533,25339,181781655.5
2013-09-19 11:30:00.034,4927428,1716.75,1718.75,1716.5,1718.0,62318,32702,16030,107057898.75
2013-09-19 12:00:00.266,4937322,1718.0,1718.25,1716.0,1716.0,37229,12598,9894,63926801.75
2013-09-19 12:30:00.125,4954437,1716.0,1717.0,1714.0,1715.75,77091,37399,17115,132242378.75
2013-09-19 13:00:00.278,4969159,1715.75,1716.0,1713.5,1713.75,61714,25366,14722,105826419.0
2013-09-19 13:30:00.160,4983995,1713.75,1716.5,1713.25,1714.75,60871,28364,14836,104394053.5
2013-09-19 14:00:00.055,4993887,1714.75,1715.75,1713.75,1715.5,37613,17801,9892,64500252.0
2013-09-19 14:30:00.040,5010525,1715.5,1717.5,1715.5,1716.75,71707,40448,16638,123079914.0
2013-09-19 15:00:00.003,5032201,1716.75,1717.0,1714.5,1715.5,110353,47159,21676,189337511.0
2013-09-19 15:30:00.018,5042041,1715.5,1717.75,1715.0,1717.25,71381,41645,9840,122505372.75
2013-09-19 16:00:00.863,5043102,1717.25,1717.25,1716.25,1716.5,4790,2295,1061,8223442.0
2013-09-19 17:00:00.023,5043781,1716.5,1717.5,1716.25,1717.25,3601,1626,679,6183273.5
2013-09-19 17:31:38.935,5044703,1717.25,1717.5,1716.0,1716.5,3964,1956,922,6804467.25
2013-09-19 18:00:40.483,5045093,1716.5,1716.75,1716.0,1716.5,1358,722,390,2330874.25
2013-09-19 18:30:03.296,5045350,1716.5,1716.75,1715.5,1716.0,919,336,257,1577003.75
2013-09-19 19:00:06.669,5045580,1716.0,1716.5,1715.75,1715.75,638,328,230,1094802.75
2013-09-19 19:30:29.060,5046191,1715.75,1716.0,1715.25,1715.5,1608,767,611,2758854.25
2013-09-19 20:00:01.565,5046552,1715.5,1716.0,1715.25,1715.5,1066,717,361,1828875.5
2013-09-19 20:30:00.617,5047420,1715.5,1715.75,1714.25,1714.75,2659,595,868,4559784.5
2013-09-19 21:00:01.587,5047929,1714.75,1715.75,1714.75,1715.0,1398,829,509,2397835.75
2013-09-19 21:30:17.716,5048123,1715.0,1715.5,1715.0,1715.5,508,364,194,871322.0
2013-09-19 22:00:08.081,5048311,1715.5,1715.75,1715.25,1715.5,604,472,188,1036159.5
2013-09-19 22:30:00.038,5048483,1715.5,1715.5,1715.0,1715.5,462,194,172,792505.0
2013-09-19 23:01:09.295,5048911,1715.5,1715.75,1715.0,1715.0,1325,576,428,2272785.5
2013-09-19 23:30:07.470,5049097,1715.0,1715.5,1714.75,1715.0,488,258,186,836997.5
2013-09-20 00:00:01.341,5049266,1715.0,1715.5,1714.75,1715.5,360,218,169,617444.25
2013-09-20 00:30:21.835,5049399,1715.5,1715.75,1715.25,1715.75,336,295,133,576406.0
2013-09-20 01:00:00.082,5049662,1715.75,1716.0,1715.5,1716.0,1446,1312,263,2481264.5
2013-09-20 01:30:00.609,5050485,1716.0,1716.25,1715.25,1715.25,2473,1314,823,4243484.25
2013-09-20 02:00:00.042,5051992,1715.25,1715.5,1714.5,1715.75,3608,1970,1507,6187319.5
2013-09-20 02:30:00.238,5055635,1715.75,1716.25,1714.75,1715.5,8810,5017,3643,15113241.25
2013-09-20 03:00:00.408,5059302,1715.5,1717.25,1715.0,1716.75,9669,6561,3667,16593433.25
2013-09-20 03:30:00.573,5061632,1716.75,1717.5,1716.5,1717.0,6374,3585,2330,10944305.0
2013-09-20 04:00:00.560,5063210,1717.0,1717.25,1716.25,1716.5,4972,2405,1578,8535848.75
2013-09-20 04:30:12.188,5065780,1716.5,1717.0,1716.0,1716.5,7384,2319,2570,12673793.25
2013-09-20 05:00:00.163,5068189,1716.5,1717.5,1716.25,1717.25,6827,4548,2409,11722325.25
2013-09-20 05:30:01.653,5069761,1717.25,1717.25,1716.75,1716.75,4306,2098,1572,7393319.75
2013-09-20 06:00:00.050,5071634,1716.75,1717.5,1716.5,1717.0,5271,2714,1873,9050559.5
2013-09-20 06:30:03.590,5075304,1717.0,1718.5,1717.0,1718.0,14330,10100,3670,24617206.0
2013-09-20 07:00:00.261,5079253,1718.0,1718.25,1716.0,1716.5,10948,4198,3949,18799790.75
2013-09-20 07:30:00.472,5092572,1716.5,1716.5,1713.75,1714.75,49056,22677,13319,84119614.75
2013-09-20 08:00:00.086,5102478,1714.75,1716.25,1714.0,1715.75,33078,17717,9906,56736501.25
2013-09-20 08:30:00.003,5119271,1715.75,1719.5,1715.25,1719.0,68124,43419,16793,117041217.25
2013-09-20 09:00:00.037,5163613,1719.0,1719.25,1713.0,1714.25,207656,91487,44342,356377161.75
2013-09-20 09:30:00.045,5197149,1714.25,1715.25,1711.75,1714.0,124552,54498,33536,213426665.25
2013-09-20 10:00:00.454,5222179,1714.0,1715.75,1713.25,1714.25,98588,51993,25030,169034715.75
2013-09-20 10:30:00.111,5245336,1714.25,1715.25,1711.0,1712.0,96115,42603,23157,164610796.5
2013-09-20 11:00:00.039,5270468,1712.0,1713.0,1707.75,1708.25,107315,44115,25132,183569960.5
2013-09-20 11:30:00.231,5291740,1708.25,1710.0,1706.75,1707.25,85829,40596,21272,146618404.25
2013-09-20 12:00:00.079,5305486,1707.25,1710.0,1706.75,1709.5,56402,31841,13746,96367703.75
2013-09-20 12:30:00.007,5322699,1709.5,1710.0,1706.0,1707.5,64383,31582,17213,109947819.75
2013-09-20 13:00:00.498,5338245,1707.5,1708.25,1705.25,1705.5,60419,27432,15546,103095545.5
2013-09-20 13:30:00.035,5355094,1705.5,1707.25,1704.25,1706.75,70723,41640,16849,120612660.25
2013-09-20 14:00:00.026,5372696,1706.75,1707.25,1704.0,1705.75,66035,29575,17602,112630742.75
2013-09-20 14:30:00.102,5398261,1705.75,1707.0,1702.5,1702.75,101297,36345,25565,172688923.25
2013-09-20 15:00:00.021,5436536,1702.75,1704.75,1701.25,1702.75,195876,94441,38275,333609412.75
2013-09-20 15:30:00.020,5452651,1702.75,1703.25,1701.25,1702.75,121649,63453,16115,207095600.75
2013-09-20 16:00:04.501,5454152,1702.75,1704.5,1702.75,1704.25,9269,5997,1501,15792485.75
